Name,Criminal ID,Main Source of Conviction,Past Convictions,Sentences Served,Amount Fined
Jessica Garcia,1000,Extortion,1,2,329598
Michael Martinez,1001,Grand Theft Auto,9,10,487053
Sarah Jones,1002,Assisted Murder,8,14,241251
Ashley Garcia,1003,Forgery,4,9,212060
David Johnson,1004,Smuggling,0,0,0
Robert Smith,1005,Embezzlement,0,0,0
Ashley Martinez,1006,Assisted Murder,5,22,105135
Michael Brown,1007,Insider Trading,8,14,247051
William Smith,1008,Assisted Murder,1,0,366162
Ashley Williams,1009,Extortion,4,1,215696
William Johnson,1010,Arson,1,22,313178
Robert Williams,1011,Human Trafficking,2,1,316590
David Miller,1012,Illegal Arms Dealing,10,12,173334
Jane Anderson,1013,Bribery,8,15,459126
David Jones,1014,Assisted Murder,8,14,163153
Emily Williams,1015,Extortion,9,5,307708
Sarah Davis,1016,Burglary,8,12,81906
Emily Jones,1017,Burglary,0,0,0
William Martinez,1018,Bribery,9,7,35450
Jane Jones,1019,Insider Trading,0,0,0
David Anderson,1020,Money Laundering,1,8,83097
Robert Davis,1021,Cybercrime,0,0,0
Robert Smith,1022,Extortion,1,12,426813
Sarah Anderson,1023,Bribery,1,23,308472
Michael Anderson,1024,Vandalism,2,16,456657
David Miller,1025,Forgery,7,13,316029
Sarah Davis,1026,Drug Trafficking,5,9,209685
Sarah Johnson,1027,Extortion,5,6,228248
Jessica Brown,1028,Drug Trafficking,0,0,0
Sarah Martinez,1029,Kidnapping,0,0,0
Jane Smith,1030,Arson,8,9,358073
Robert Garcia,1031,Illegal Arms Dealing,4,11,21284
Ashley Smith,1032,Forgery,7,6,464570
David Miller,1033,Money Laundering,5,1,109338
Jessica Jones,1034,Domestic Violence,0,0,0
William Garcia,1035,Illegal Arms Dealing,7,21,86603
Robert Garcia,1036,Identity Theft,8,16,296542
Jessica Jones,1037,Kidnapping,8,17,189380
Jessica Williams,1038,Money Laundering,9,5,33529
John Williams,1039,Bribery,1,0,88410
William Davis,1040,Burglary,5,23,291517
Jane Brown,1041,Assisted Murder,3,14,337001
Emily Martinez,1042,Grand Theft Auto,8,19,466649
John Anderson,1043,Assisted Murder,6,5,273206
Jessica Brown,1044,Grand Theft Auto,6,13,142763
David Davis,1045,Tax Fraud,2,21,112222
Emily Johnson,1046,Bribery,6,1,457142
Sarah Davis,1047,Arson,5,5,378077
Ashley Smith,1048,Smuggling,4,10,426575
Jane Johnson,1049,Assisted Murder,4,20,313767
Emily Davis,1050,Insider Trading,4,20,465665
John Johnson,1051,Kidnapping,4,3,488077
Robert Miller,1052,Assisted Murder,3,21,349241
Jessica Miller,1053,Vandalism,3,6,283057
Jessica Garcia,1054,Money Laundering,4,8,455371
John Brown,1055,Identity Theft,5,0,272130
William Martinez,1056,Money Laundering,2,2,242311
Robert Johnson,1057,Counterfeiting,3,24,424205
Robert Jones,1058,Vandalism,1,22,425285
John Brown,1059,Human Trafficking,9,5,277240
Michael Anderson,1060,Burglary,4,23,144746
Jane Jones,1061,Illegal Arms Dealing,1,3,243757
Robert Martinez,1062,Tax Fraud,4,5,60678
Robert Anderson,1063,Tax Fraud,0,0,0
Sarah Martinez,1064,Extortion,4,25,194161
Ashley Anderson,1065,Domestic Violence,10,7,147249
Michael Martinez,1066,Cybercrime,8,6,38882
William Johnson,1067,Arson,0,0,0
Ashley Smith,1068,Extortion,3,0,375664
John Davis,1069,Arson,4,24,330738
John Jones,1070,Forgery,8,2,481038
Emily Smith,1071,Money Laundering,4,17,314415
Michael Martinez,1072,Assisted Murder,3,11,9799
Jessica Miller,1073,Counterfeiting,6,17,372078
David Martinez,1074,Domestic Violence,7,22,41481
William Brown,1075,Grand Theft Auto,10,8,242594
Jessica Johnson,1076,Bribery,1,24,68212
Jessica Martinez,1077,Grand Theft Auto,1,0,380692
Jessica Garcia,1078,Drug Trafficking,6,17,195322
Sarah Smith,1079,Extortion,6,7,101818
John Johnson,1080,Money Laundering,5,22,290265
Michael Jones,1081,Assisted Murder,9,16,25998
David Brown,1082,Tax Fraud,4,25,269651
Jessica Garcia,1083,Tax Fraud,0,0,0
Jane Miller,1084,Drug Trafficking,4,20,325708
Emily Smith,1085,Cybercrime,6,3,340428
David Garcia,1086,Forgery,8,13,430842
Ashley Garcia,1087,Drug Trafficking,4,0,326495
Robert Martinez,1088,Assisted Murder,7,9,166921
Robert Davis,1089,Embezzlement,10,9,16564
Michael Miller,1090,Identity Theft,5,6,450948
Ashley Garcia,1091,Extortion,4,12,311816
David Brown,1092,Human Trafficking,7,20,38748
William Miller,1093,Money Laundering,7,9,475285
Jane Jones,1094,Counterfeiting,7,10,420023
Jane Davis,1095,Vandalism,7,2,362095
Robert Miller,1096,Drug Trafficking,0,0,0
Ashley Smith,1097,Insider Trading,10,19,304870
John Johnson,1098,Embezzlement,7,8,91166
David Jones,1099,Burglary,2,13,268279
Emily Brown,1100,Burglary,2,11,318842
Robert Anderson,1101,Arson,10,14,291385
Michael Johnson,1102,Smuggling,4,13,205407
Ashley Davis,1103,Kidnapping,3,0,366020
Sarah Brown,1104,Tax Fraud,0,0,0
William Garcia,1105,Cybercrime,8,18,302384
Emily Jones,1106,Counterfeiting,6,4,89966
Sarah Brown,1107,Identity Theft,10,25,263470
Jessica Brown,1108,Money Laundering,3,4,472397
Sarah Garcia,1109,Assisted Murder,4,15,100001
Emily Martinez,1110,Kidnapping,8,13,207032
Emily Williams,1111,Domestic Violence,1,15,52299
Ashley Davis,1112,Forgery,7,3,283784
Michael Miller,1113,Money Laundering,2,21,372922
Michael Miller,1114,Bribery,6,20,346193
David Davis,1115,Tax Fraud,4,20,240886
David Williams,1116,Insider Trading,5,25,303809
Jessica Williams,1117,Insider Trading,4,7,309093
William Johnson,1118,Smuggling,0,0,0
Robert Martinez,1119,Tax Fraud,2,20,40671
William Miller,1120,Smuggling,2,18,108474
Emily Garcia,1121,Assisted Murder,7,24,209173
William Smith,1122,Identity Theft,1,18,52379
Emily Johnson,1123,Tax Fraud,5,11,476813
Ashley Miller,1124,Embezzlement,7,7,334792
William Garcia,1125,Insider Trading,1,11,55502
David Anderson,1126,Human Trafficking,6,17,193037
Emily Williams,1127,Bribery,10,10,144469
Jane Brown,1128,Smuggling,5,14,347570
William Anderson,1129,Cybercrime,1,23,130202
Ashley Smith,1130,Vandalism,7,19,375003
Sarah Jones,1131,Forgery,5,0,114819
Sarah Anderson,1132,Cybercrime,8,15,6213
William Martinez,1133,Vandalism,8,19,289522
Robert Brown,1134,Identity Theft,7,8,44390
Robert Anderson,1135,Extortion,3,13,131562
Ashley Anderson,1136,Drug Trafficking,10,1,132275
Sarah Smith,1137,Drug Trafficking,7,10,404863
John Smith,1138,Kidnapping,10,22,303841
Jessica Davis,1139,Embezzlement,9,21,489225
William Brown,1140,Smuggling,5,24,263249
Jane Smith,1141,Assisted Murder,5,11,229473
Sarah Johnson,1142,Extortion,2,16,204880
William Garcia,1143,Bribery,4,21,378560
Robert Martinez,1144,Money Laundering,2,1,67078
Jessica Jones,1145,Embezzlement,1,11,56533
Michael Johnson,1146,Cybercrime,3,17,411535
Jessica Brown,1147,Vandalism,3,18,123146
Jane Garcia,1148,Money Laundering,3,21,269800
William Brown,1149,Tax Fraud,3,5,70901
Sarah Williams,1150,Extortion,6,1,497099
William Anderson,1151,Assisted Murder,6,10,338414
Jane Davis,1152,Forgery,8,0,265257
Michael Garcia,1153,Identity Theft,9,8,6160
Robert Davis,1154,Grand Theft Auto,7,0,179770
Jane Johnson,1155,Vandalism,9,21,342699
Jane Brown,1156,Insider Trading,0,0,0
Sarah Johnson,1157,Money Laundering,3,13,367222
Sarah Johnson,1158,Extortion,7,20,26957
Jessica Smith,1159,Extortion,3,20,434372
John Davis,1160,Smuggling,5,20,46419
Jessica Martinez,1161,Vandalism,9,7,132362
Jessica Johnson,1162,Insider Trading,4,1,294812
Jessica Smith,1163,Insider Trading,9,19,119690
Jessica Anderson,1164,Vandalism,1,1,200643
Michael Garcia,1165,Forgery,8,19,70218
Jessica Williams,1166,Money Laundering,9,12,348356
Jessica Garcia,1167,Kidnapping,5,8,488565
Sarah Williams,1168,Cybercrime,2,6,111689
Sarah Brown,1169,Forgery,9,21,491109
Sarah Smith,1170,Burglary,4,23,577
William Miller,1171,Drug Trafficking,9,14,338117
Emily Davis,1172,Money Laundering,9,11,343002
Michael Davis,1173,Tax Fraud,7,8,300345
Michael Miller,1174,Forgery,6,16,26810
Jane Johnson,1175,Kidnapping,7,13,231338
Ashley Williams,1176,Cybercrime,6,16,359811
John Davis,1177,Vandalism,5,20,390832
Jessica Garcia,1178,Arson,0,0,0
William Davis,1179,Tax Fraud,7,12,170019
David Davis,1180,Embezzlement,1,9,229303
Sarah Martinez,1181,Assisted Murder,9,22,364622
Robert Anderson,1182,Cybercrime,7,17,303985
Emily Martinez,1183,Drug Trafficking,0,0,0
Michael Williams,1184,Bribery,2,2,63428
William Miller,1185,Money Laundering,5,9,30942
David Anderson,1186,Vandalism,6,17,309583
Sarah Johnson,1187,Domestic Violence,7,25,7654
William Garcia,1188,Human Trafficking,3,17,251418
Robert Miller,1189,Bribery,6,20,265048
Sarah Garcia,1190,Insider Trading,10,5,408797
David Miller,1191,Counterfeiting,6,1,31438
Michael Williams,1192,Burglary,8,22,334754
Michael Jones,1193,Insider Trading,7,20,279523
John Martinez,1194,Arson,2,18,402735
Emily Brown,1195,Grand Theft Auto,8,24,434600
David Williams,1196,Tax Fraud,6,15,106429
Jessica Williams,1197,Bribery,10,7,412346
William Johnson,1198,Human Trafficking,9,17,252667
Emily Miller,1199,Identity Theft,9,16,95472
Ashley Anderson,1200,Counterfeiting,7,0,36296
Sarah Garcia,1201,Money Laundering,8,18,407307
Robert Jones,1202,Counterfeiting,2,24,16712
Jane Williams,1203,Cybercrime,3,14,263886
John Davis,1204,Embezzlement,8,14,368377
Jane Martinez,1205,Cybercrime,3,10,164229
Sarah Jones,1206,Cybercrime,10,22,182397
Michael Anderson,1207,Insider Trading,9,9,198789
Robert Davis,1208,Forgery,8,23,146482
John Brown,1209,Grand Theft Auto,2,11,74650
David Jones,1210,Arson,7,4,237155
Jessica Johnson,1211,Identity Theft,7,17,31899
Robert Smith,1212,Drug Trafficking,3,1,325609
William Brown,1213,Domestic Violence,0,0,0
Ashley Johnson,1214,Money Laundering,7,12,60196
Sarah Williams,1215,Burglary,1,13,200717
Emily Williams,1216,Identity Theft,4,6,51360
Emily Martinez,1217,Identity Theft,8,21,78629
Emily Johnson,1218,Drug Trafficking,5,18,77622
Emily Garcia,1219,Extortion,1,22,361413
Jane Garcia,1220,Cybercrime,9,13,199914
Robert Garcia,1221,Tax Fraud,6,12,245493
Ashley Garcia,1222,Insider Trading,4,24,473483
Jane Jones,1223,Burglary,4,8,458392
William Garcia,1224,Bribery,2,7,40939
Robert Jones,1225,Illegal Arms Dealing,3,7,416326
William Anderson,1226,Tax Fraud,3,9,485402
Michael Brown,1227,Smuggling,2,25,217878
Ashley Smith,1228,Identity Theft,6,10,120795
Jane Brown,1229,Kidnapping,9,22,397380
David Johnson,1230,Forgery,7,15,338031
Emily Garcia,1231,Cybercrime,8,19,486963
William Smith,1232,Drug Trafficking,3,1,178521
Michael Johnson,1233,Burglary,9,19,443983
William Davis,1234,Insider Trading,3,2,425778
Jessica Miller,1235,Human Trafficking,1,21,449881
Jane Davis,1236,Assisted Murder,7,18,192322
Robert Garcia,1237,Assisted Murder,6,25,408110
Sarah Williams,1238,Domestic Violence,0,0,0
Michael Johnson,1239,Human Trafficking,5,13,237871
Jessica Brown,1240,Burglary,9,10,408912
Ashley Williams,1241,Counterfeiting,0,0,0
William Miller,1242,Domestic Violence,5,21,430205
Emily Garcia,1243,Domestic Violence,6,7,388411
Robert Brown,1244,Money Laundering,3,19,164898
Robert Smith,1245,Smuggling,9,25,489392
Michael Martinez,1246,Bribery,2,20,183188
William Garcia,1247,Assisted Murder,4,17,436586
David Jones,1248,Domestic Violence,5,21,50740
Emily Smith,1249,Forgery,2,19,427384
Michael Smith,1250,Forgery,6,4,263733
Ashley Johnson,1251,Human Trafficking,0,0,0
Robert Williams,1252,Burglary,6,21,295319
Robert Miller,1253,Illegal Arms Dealing,9,12,179375
Robert Jones,1254,Burglary,7,0,123345
Ashley Anderson,1255,Arson,3,14,439467
Sarah Miller,1256,Identity Theft,4,24,481412
William Jones,1257,Human Trafficking,1,4,65360
Jane Johnson,1258,Kidnapping,6,17,179111
Ashley Martinez,1259,Extortion,10,3,134371
David Miller,1260,Illegal Arms Dealing,5,13,352372
David Brown,1261,Forgery,0,0,0
John Martinez,1262,Counterfeiting,3,12,2251
Michael Jones,1263,Grand Theft Auto,4,15,193649
David Brown,1264,Human Trafficking,6,11,370222
Michael Miller,1265,Identity Theft,7,6,392574
Robert Jones,1266,Smuggling,7,20,97867
Ashley Brown,1267,Smuggling,2,14,157499
Ashley Smith,1268,Grand Theft Auto,9,9,45493
David Smith,1269,Grand Theft Auto,10,20,172872
Robert Garcia,1270,Tax Fraud,9,2,254138
William Johnson,1271,Kidnapping,8,19,135608
Jane Johnson,1272,Vandalism,1,22,339584
Emily Smith,1273,Drug Trafficking,9,19,265735
John Williams,1274,Forgery,4,20,403021
Ashley Davis,1275,Tax Fraud,0,0,0
Jessica Williams,1276,Domestic Violence,1,12,62580
Emily Johnson,1277,Extortion,8,4,249567
David Jones,1278,Insider Trading,7,3,102254
William Johnson,1279,Smuggling,7,16,354080
Michael Johnson,1280,Embezzlement,5,22,485156
Sarah Davis,1281,Embezzlement,3,24,378132
David Garcia,1282,Burglary,1,22,444058
Ashley Anderson,1283,Forgery,3,9,414751
Jessica Johnson,1284,Counterfeiting,6,11,207040
Robert Anderson,1285,Domestic Violence,9,2,442613
David Jones,1286,Burglary,3,23,433273
Sarah Martinez,1287,Money Laundering,3,6,147967
William Jones,1288,Drug Trafficking,6,18,318880
Jessica Jones,1289,Kidnapping,9,1,319705
Michael Brown,1290,Cybercrime,0,0,0
William Smith,1291,Human Trafficking,5,25,108218
Ashley Martinez,1292,Bribery,9,19,339588
Robert Johnson,1293,Embezzlement,5,22,149057
David Williams,1294,Counterfeiting,6,24,478421
Michael Davis,1295,Identity Theft,1,21,136518
Sarah Jones,1296,Smuggling,7,15,159474
William Williams,1297,Smuggling,7,22,134668
Sarah Jones,1298,Grand Theft Auto,8,6,235901
William Davis,1299,Human Trafficking,2,17,474121
Jessica Anderson,1300,Embezzlement,8,8,28210
Michael Martinez,1301,Smuggling,0,0,0
David Williams,1302,Vandalism,6,19,14291
Ashley Miller,1303,Cybercrime,8,10,11952
William Anderson,1304,Arson,7,24,201229
Jane Brown,1305,Extortion,8,18,437417
John Davis,1306,Vandalism,7,4,269588
Jane Davis,1307,Assisted Murder,9,1,98173
Michael Williams,1308,Drug Trafficking,4,15,289325
Sarah Brown,1309,Human Trafficking,5,17,105681
Robert Davis,1310,Money Laundering,8,0,57849
Sarah Martinez,1311,Money Laundering,9,10,238333
William Smith,1312,Vandalism,9,2,321776
Sarah Jones,1313,Smuggling,5,3,237198
John Jones,1314,Tax Fraud,4,13,86454
Jessica Anderson,1315,Arson,8,2,288175
David Brown,1316,Illegal Arms Dealing,3,12,201080
Robert Davis,1317,Smuggling,3,9,305324
Emily Brown,1318,Domestic Violence,2,8,112335
Robert Garcia,1319,Money Laundering,9,17,34798
Emily Davis,1320,Bribery,9,16,350155
Sarah Williams,1321,Human Trafficking,7,4,196873
Michael Jones,1322,Insider Trading,6,9,74020
Michael Williams,1323,Burglary,6,17,61892
Ashley Jones,1324,Grand Theft Auto,5,25,110974
Michael Jones,1325,Grand Theft Auto,6,2,224968
Michael Johnson,1326,Identity Theft,2,0,29515
Jane Miller,1327,Insider Trading,9,3,465516
Robert Jones,1328,Kidnapping,6,7,193001
Jessica Johnson,1329,Assisted Murder,3,19,311804
Jane Smith,1330,Identity Theft,1,15,357296
Robert Brown,1331,Human Trafficking,0,0,0
William Davis,1332,Insider Trading,0,0,0
Sarah Jones,1333,Domestic Violence,2,25,52065
Emily Davis,1334,Assisted Murder,4,9,398084
William Brown,1335,Smuggling,8,7,275238
Emily Miller,1336,Domestic Violence,2,19,236989
Robert Jones,1337,Assisted Murder,6,14,454974
Emily Miller,1338,Vandalism,2,11,109973
Robert Jones,1339,Insider Trading,2,16,448723
Sarah Davis,1340,Smuggling,2,18,251130
William Smith,1341,Smuggling,0,0,0
William Garcia,1342,Counterfeiting,8,20,304639
John Martinez,1343,Tax Fraud,6,15,319417
Ashley Johnson,1344,Domestic Violence,7,7,296297
Jessica Jones,1345,Money Laundering,5,3,153971
William Davis,1346,Bribery,1,24,287291
Emily Davis,1347,Bribery,8,9,480369
William Martinez,1348,Bribery,10,15,344349
William Miller,1349,Grand Theft Auto,0,0,0
Robert Miller,1350,Insider Trading,9,7,119662
Jessica Smith,1351,Forgery,7,3,321157
Emily Johnson,1352,Smuggling,3,20,30205
Robert Smith,1353,Drug Trafficking,4,17,148044
Michael Brown,1354,Bribery,6,22,199545
David Anderson,1355,Illegal Arms Dealing,6,15,276083
Jessica Anderson,1356,Insider Trading,5,20,398455
Michael Garcia,1357,Drug Trafficking,0,0,0
Ashley Brown,1358,Drug Trafficking,8,12,77707
Emily Miller,1359,Identity Theft,8,9,499598
William Smith,1360,Money Laundering,0,0,0
Sarah Jones,1361,Embezzlement,5,25,212878
Emily Garcia,1362,Extortion,2,7,237935
Michael Miller,1363,Identity Theft,8,24,233609
Jessica Johnson,1364,Extortion,5,22,431806
John Davis,1365,Assisted Murder,2,16,17957
David Martinez,1366,Kidnapping,2,0,297055
David Martinez,1367,Bribery,5,12,166087
Ashley Anderson,1368,Drug Trafficking,2,19,210817
Jane Davis,1369,Vandalism,10,3,367796
Ashley Williams,1370,Embezzlement,7,23,272836
Jessica Garcia,1371,Arson,6,24,120467
Jane Davis,1372,Money Laundering,6,1,316875
Sarah Miller,1373,Arson,6,24,187638
Jessica Martinez,1374,Human Trafficking,10,22,205047
William Smith,1375,Forgery,6,25,496097
Jane Davis,1376,Extortion,9,14,25625
Emily Miller,1377,Forgery,2,9,368192
Emily Johnson,1378,Forgery,1,4,273074
Jane Jones,1379,Smuggling,8,1,300941
Sarah Williams,1380,Insider Trading,2,11,437897
Jane Smith,1381,Drug Trafficking,0,0,0
Sarah Smith,1382,Kidnapping,1,10,330698
Jane Miller,1383,Tax Fraud,1,18,169707
Sarah Anderson,1384,Drug Trafficking,9,4,171151
Emily Jones,1385,Human Trafficking,0,0,0
Michael Williams,1386,Assisted Murder,1,12,122771
David Brown,1387,Vandalism,0,0,0
William Brown,1388,Smuggling,5,10,473333
Michael Williams,1389,Arson,5,0,421966
William Williams,1390,Arson,6,3,247506
Jessica Davis,1391,Money Laundering,0,0,0
Ashley Brown,1392,Identity Theft,7,23,218238
David Davis,1393,Kidnapping,6,2,416460
Jane Garcia,1394,Drug Trafficking,0,0,0
Ashley Martinez,1395,Money Laundering,2,24,274426
Robert Smith,1396,Illegal Arms Dealing,6,9,380053
John Johnson,1397,Vandalism,9,11,56533
Robert Miller,1398,Extortion,1,25,369566
Ashley Williams,1399,Tax Fraud,4,13,383361
Robert Johnson,1400,Illegal Arms Dealing,5,3,127098
John Martinez,1401,Identity Theft,8,18,148957
Jessica Brown,1402,Vandalism,7,1,396696
Jessica Smith,1403,Forgery,5,18,239981
William Jones,1404,Vandalism,8,12,357158
William Williams,1405,Human Trafficking,7,7,119279
Ashley Smith,1406,Counterfeiting,0,0,0
William Smith,1407,Forgery,7,13,342216
Ashley Martinez,1408,Identity Theft,10,6,31442
Sarah Smith,1409,Money Laundering,1,16,194406
Robert Davis,1410,Tax Fraud,10,0,111497
Emily Garcia,1411,Insider Trading,8,7,480087
Emily Smith,1412,Human Trafficking,2,12,117838
Jessica Brown,1413,Money Laundering,4,24,372280
Sarah Jones,1414,Vandalism,10,23,239805
Robert Williams,1415,Bribery,0,0,0
Robert Martinez,1416,Illegal Arms Dealing,9,17,165354
Jane Jones,1417,Smuggling,1,9,240684
Michael Davis,1418,Money Laundering,10,12,279396
Jane Davis,1419,Domestic Violence,0,0,0
Ashley Smith,1420,Embezzlement,9,2,472373
Jane Smith,1421,Assisted Murder,4,6,470315
Sarah Martinez,1422,Vandalism,8,12,222934
Ashley Brown,1423,Bribery,3,15,206091
Michael Jones,1424,Smuggling,3,5,50491
Sarah Williams,1425,Grand Theft Auto,4,1,374022
Jessica Garcia,1426,Money Laundering,3,23,33841
David Jones,1427,Burglary,9,20,47699
Sarah Jones,1428,Counterfeiting,3,6,206426
Michael Jones,1429,Assisted Murder,0,0,0
Jessica Garcia,1430,Burglary,1,11,33626
Sarah Martinez,1431,Bribery,10,4,227838
Michael Davis,1432,Vandalism,5,25,132092
John Davis,1433,Illegal Arms Dealing,4,21,234665
John Smith,1434,Insider Trading,0,0,0
David Brown,1435,Forgery,7,25,178779
Robert Brown,1436,Domestic Violence,0,0,0
Michael Jones,1437,Bribery,6,16,422698
Jessica Garcia,1438,Smuggling,2,22,149003
Michael Brown,1439,Drug Trafficking,2,24,29536
Michael Jones,1440,Domestic Violence,1,2,436856
Ashley Miller,1441,Domestic Violence,7,5,462219
Jane Martinez,1442,Illegal Arms Dealing,9,17,353144
Jessica Davis,1443,Drug Trafficking,9,25,413011
William Jones,1444,Money Laundering,5,25,278237
Michael Davis,1445,Domestic Violence,7,21,338316
Emily Davis,1446,Burglary,10,18,330852
John Anderson,1447,Drug Trafficking,2,4,265442
Ashley Johnson,1448,Identity Theft,2,5,286706
Emily Johnson,1449,Insider Trading,8,16,348336
Sarah Williams,1450,Counterfeiting,4,24,17996
Sarah Martinez,1451,Money Laundering,9,22,118448
Ashley Davis,1452,Bribery,5,11,285086
Jane Miller,1453,Counterfeiting,1,20,435477
Emily Anderson,1454,Burglary,10,5,85512
William Anderson,1455,Embezzlement,8,11,449905
Ashley Brown,1456,Insider Trading,9,19,244360
John Jones,1457,Forgery,0,0,0
William Johnson,1458,Kidnapping,4,0,131014
John Brown,1459,Burglary,2,11,319572
Michael Williams,1460,Burglary,1,9,147869
David Martinez,1461,Drug Trafficking,9,6,136746
William Johnson,1462,Arson,5,2,59590
Ashley Johnson,1463,Smuggling,1,8,262104
Michael Jones,1464,Bribery,2,9,155520
Jane Jones,1465,Kidnapping,8,8,258227
Robert Williams,1466,Vandalism,6,12,195720
Ashley Davis,1467,Kidnapping,5,20,359565
Emily Miller,1468,Grand Theft Auto,5,7,395999
Jessica Garcia,1469,Illegal Arms Dealing,3,6,364221
Sarah Smith,1470,Tax Fraud,8,3,330118
John Anderson,1471,Extortion,10,3,47654
Michael Williams,1472,Embezzlement,8,22,425025
Jane Smith,1473,Kidnapping,4,3,265852
Sarah Miller,1474,Vandalism,1,18,445336
Jane Martinez,1475,Embezzlement,3,0,107170
John Jones,1476,Arson,3,4,433989
Robert Williams,1477,Vandalism,0,0,0
Jessica Garcia,1478,Vandalism,0,0,0
Emily Miller,1479,Embezzlement,4,18,95982
Michael Miller,1480,Insider Trading,3,22,384567
Robert Brown,1481,Kidnapping,1,6,408812
Jane Brown,1482,Drug Trafficking,6,15,410232
Jessica Miller,1483,Burglary,3,11,259544
William Martinez,1484,Domestic Violence,4,9,445546
Sarah Johnson,1485,Money Laundering,9,9,36027
Jessica Jones,1486,Grand Theft Auto,6,1,6056
Michael Johnson,1487,Assisted Murder,1,12,261437
Sarah Garcia,1488,Insider Trading,7,6,287116
Ashley Anderson,1489,Kidnapping,8,21,165549
Emily Martinez,1490,Insider Trading,5,19,174567
David Miller,1491,Arson,8,9,233660
William Martinez,1492,Illegal Arms Dealing,9,20,187273
Robert Anderson,1493,Forgery,7,18,283869
Michael Williams,1494,Arson,5,19,418511
John Johnson,1495,Smuggling,5,24,499399
William Johnson,1496,Identity Theft,8,15,373433
Jessica Garcia,1497,Identity Theft,6,3,449331
Michael Martinez,1498,Identity Theft,1,8,440759
Robert Martinez,1499,Smuggling,4,12,221747
Jessica Garcia,1500,Tax Fraud,8,0,360908
Jessica Brown,1501,Kidnapping,9,20,381732
William Williams,1502,Arson,2,0,230746
John Johnson,1503,Insider Trading,0,0,0
Sarah Jones,1504,Drug Trafficking,6,2,273362
Sarah Martinez,1505,Grand Theft Auto,10,0,171029
Emily Smith,1506,Vandalism,10,22,49752
Emily Garcia,1507,Identity Theft,3,4,54032
Michael Johnson,1508,Smuggling,2,9,404030
Michael Smith,1509,Identity Theft,10,4,317300
Michael Williams,1510,Tax Fraud,7,2,204911
Jane Smith,1511,Money Laundering,3,9,4430
Jessica Brown,1512,Drug Trafficking,5,24,62942
Jessica Smith,1513,Embezzlement,2,7,490065
Sarah Miller,1514,Embezzlement,2,3,93593
John Williams,1515,Extortion,3,24,154649
Jane Martinez,1516,Arson,9,16,64487
Sarah Johnson,1517,Counterfeiting,0,0,0
Ashley Williams,1518,Insider Trading,4,20,241198
William Davis,1519,Money Laundering,6,1,360200
Emily Smith,1520,Identity Theft,1,14,401960
William Miller,1521,Smuggling,1,25,402620
David Smith,1522,Extortion,9,17,376313
Sarah Martinez,1523,Kidnapping,10,13,322591
Robert Williams,1524,Domestic Violence,2,11,195976
Robert Garcia,1525,Bribery,3,8,214703
Jessica Johnson,1526,Burglary,4,9,404480
Robert Davis,1527,Tax Fraud,7,5,195966
John Brown,1528,Assisted Murder,3,6,354269
Sarah Brown,1529,Drug Trafficking,8,4,208986
Sarah Smith,1530,Forgery,6,20,438801
Sarah Johnson,1531,Kidnapping,7,15,361842
Ashley Brown,1532,Tax Fraud,2,11,56211
Jane Anderson,1533,Extortion,1,7,468743
William Johnson,1534,Arson,10,19,359939
Michael Davis,1535,Embezzlement,4,7,328304
John Martinez,1536,Grand Theft Auto,3,24,96473
Jane Williams,1537,Illegal Arms Dealing,1,13,123752
Ashley Smith,1538,Assisted Murder,4,5,122404
David Anderson,1539,Cybercrime,10,15,177455
William Smith,1540,Bribery,5,6,137802
William Jones,1541,Insider Trading,2,15,268177
Robert Miller,1542,Forgery,8,6,249358
Ashley Jones,1543,Illegal Arms Dealing,3,5,255783
Jessica Martinez,1544,Domestic Violence,3,14,13965
Jessica Johnson,1545,Embezzlement,1,22,135167
Michael Brown,1546,Kidnapping,9,13,141670
John Garcia,1547,Human Trafficking,6,10,335119
William Johnson,1548,Cybercrime,3,5,117780
Ashley Jones,1549,Illegal Arms Dealing,8,12,443552
Jane Anderson,1550,Cybercrime,2,7,326852
Ashley Jones,1551,Identity Theft,2,8,361176
Michael Miller,1552,Burglary,6,0,273310
Sarah Miller,1553,Identity Theft,9,11,126150
Michael Martinez,1554,Grand Theft Auto,4,3,304954
Robert Brown,1555,Drug Trafficking,10,1,56312
Ashley Martinez,1556,Burglary,10,17,448594
Emily Smith,1557,Grand Theft Auto,3,15,244669
John Williams,1558,Vandalism,5,11,13331
Jane Williams,1559,Identity Theft,10,13,328193
Jessica Anderson,1560,Human Trafficking,4,5,41270
Robert Davis,1561,Assisted Murder,3,6,210940
Sarah Johnson,1562,Arson,9,5,13301
Ashley Davis,1563,Illegal Arms Dealing,4,12,482894
Jessica Garcia,1564,Vandalism,4,8,309726
David Johnson,1565,Counterfeiting,10,17,347645
Ashley Jones,1566,Domestic Violence,2,4,311136
Robert Smith,1567,Smuggling,5,6,407257
Robert Williams,1568,Arson,8,18,350038
John Brown,1569,Arson,8,22,498613
Emily Brown,1570,Counterfeiting,10,2,284193
Robert Jones,1571,Tax Fraud,6,10,400870
Emily Johnson,1572,Drug Trafficking,2,2,14516
Sarah Anderson,1573,Drug Trafficking,3,22,335105
Robert Brown,1574,Bribery,1,5,208736
Emily Johnson,1575,Domestic Violence,5,21,375795
Sarah Smith,1576,Cybercrime,10,8,108069
Ashley Jones,1577,Insider Trading,0,0,0
David Miller,1578,Drug Trafficking,4,12,215382
William Brown,1579,Drug Trafficking,10,12,172733
Sarah Johnson,1580,Embezzlement,4,16,226532
Emily Garcia,1581,Cybercrime,10,13,320853
David Smith,1582,Counterfeiting,10,5,252684
William Smith,1583,Counterfeiting,3,25,435722
Emily Anderson,1584,Assisted Murder,2,18,429910
Michael Williams,1585,Drug Trafficking,1,18,250435
Jane Davis,1586,Kidnapping,8,8,432606
Emily Davis,1587,Arson,1,4,162040
Emily Smith,1588,Assisted Murder,4,19,490838
Emily Miller,1589,Assisted Murder,3,23,41522
Michael Williams,1590,Kidnapping,2,25,26889
Jane Smith,1591,Identity Theft,4,16,290167
William Johnson,1592,Money Laundering,7,8,360785
John Williams,1593,Cybercrime,0,0,0
Sarah Davis,1594,Burglary,2,2,196559
Sarah Davis,1595,Identity Theft,2,5,381648
David Davis,1596,Insider Trading,1,4,147770
Emily Garcia,1597,Grand Theft Auto,1,16,361727
Robert Jones,1598,Human Trafficking,8,16,232704
Jane Brown,1599,Domestic Violence,7,16,254648
Sarah Anderson,1600,Counterfeiting,7,20,465697
John Johnson,1601,Assisted Murder,3,15,165615
Jessica Garcia,1602,Drug Trafficking,6,7,297725
Jessica Jones,1603,Counterfeiting,4,15,338074
Robert Smith,1604,Tax Fraud,1,5,116197
John Johnson,1605,Cybercrime,2,21,308028
Robert Davis,1606,Identity Theft,1,13,327773
Jane Smith,1607,Domestic Violence,6,16,267040
Jane Martinez,1608,Grand Theft Auto,2,5,340898
Jessica Brown,1609,Assisted Murder,9,18,295607
Jessica Smith,1610,Cybercrime,10,5,17980
David Smith,1611,Bribery,4,15,171525
Michael Davis,1612,Identity Theft,8,23,325025
David Miller,1613,Insider Trading,1,2,276327
David Brown,1614,Counterfeiting,8,10,344599
Ashley Smith,1615,Grand Theft Auto,3,2,70753
Jessica Davis,1616,Domestic Violence,5,7,271654
David Brown,1617,Forgery,5,6,14499
Jessica Garcia,1618,Illegal Arms Dealing,6,22,441099
Jessica Miller,1619,Tax Fraud,0,0,0
David Garcia,1620,Embezzlement,10,7,296525
John Williams,1621,Arson,8,18,348579
John Smith,1622,Domestic Violence,5,17,3775
Sarah Davis,1623,Cybercrime,0,0,0
Jane Smith,1624,Drug Trafficking,4,13,27458
David Williams,1625,Grand Theft Auto,1,11,437907
Jane Garcia,1626,Kidnapping,0,0,0
William Miller,1627,Domestic Violence,9,15,194368
David Garcia,1628,Identity Theft,8,9,465835
David Smith,1629,Smuggling,6,23,118290
Jessica Davis,1630,Assisted Murder,3,1,187572
William Miller,1631,Vandalism,5,13,336637
Michael Garcia,1632,Illegal Arms Dealing,6,19,36492
Emily Miller,1633,Assisted Murder,6,17,367604
David Brown,1634,Illegal Arms Dealing,7,15,306668
Jane Anderson,1635,Bribery,1,24,488618
Jessica Jones,1636,Illegal Arms Dealing,1,4,499652
Emily Garcia,1637,Extortion,9,10,154283
Emily Brown,1638,Kidnapping,5,8,140959
William Garcia,1639,Money Laundering,5,21,290248
Jessica Brown,1640,Illegal Arms Dealing,10,15,418544
Jessica Garcia,1641,Counterfeiting,7,9,278506
Robert Smith,1642,Money Laundering,3,14,37599
David Williams,1643,Grand Theft Auto,6,15,182300
Jane Jones,1644,Kidnapping,3,11,8655
Ashley Jones,1645,Money Laundering,8,23,434429
Ashley Smith,1646,Grand Theft Auto,9,17,188099
Ashley Smith,1647,Identity Theft,9,23,25616
Ashley Davis,1648,Drug Trafficking,4,7,398644
William Smith,1649,Tax Fraud,8,9,466079
Robert Jones,1650,Burglary,6,4,398214
Robert Martinez,1651,Vandalism,7,14,268978
Jane Anderson,1652,Counterfeiting,9,16,183053
John Anderson,1653,Domestic Violence,10,3,360757
Jane Anderson,1654,Illegal Arms Dealing,8,15,148827
David Williams,1655,Drug Trafficking,9,10,460705
William Martinez,1656,Extortion,2,19,299399
Jane Jones,1657,Money Laundering,3,11,68227
Emily Davis,1658,Smuggling,2,22,176916
Robert Jones,1659,Tax Fraud,7,24,273324
Jessica Davis,1660,Arson,4,3,237726
Sarah Brown,1661,Forgery,4,14,341574
Ashley Jones,1662,Drug Trafficking,2,7,331013
Michael Brown,1663,Money Laundering,7,20,107697
Emily Johnson,1664,Extortion,0,0,0
Ashley Brown,1665,Money Laundering,6,0,267874
Emily Garcia,1666,Bribery,5,21,133115
David Johnson,1667,Embezzlement,9,13,39512
William Miller,1668,Illegal Arms Dealing,0,0,0
John Garcia,1669,Embezzlement,9,17,209222
Sarah Williams,1670,Forgery,4,17,426752
John Miller,1671,Smuggling,5,17,181067
Ashley Davis,1672,Kidnapping,3,18,445784
Jane Brown,1673,Assisted Murder,5,9,349330
Michael Anderson,1674,Counterfeiting,1,22,145060
Ashley Jones,1675,Forgery,5,13,181431
David Jones,1676,Kidnapping,7,19,424811
Jane Martinez,1677,Bribery,9,11,77696
Michael Brown,1678,Smuggling,8,8,390355
Jessica Johnson,1679,Grand Theft Auto,8,1,415860
Jessica Martinez,1680,Assisted Murder,4,24,292059
Sarah Brown,1681,Domestic Violence,10,18,86823
David Williams,1682,Forgery,10,1,419989
Robert Garcia,1683,Forgery,2,2,436043
Robert Brown,1684,Human Trafficking,10,4,145267
Sarah Davis,1685,Forgery,10,20,72544
John Williams,1686,Arson,3,9,126063
Robert Jones,1687,Tax Fraud,7,6,143378
David Miller,1688,Grand Theft Auto,8,13,45527
Jessica Garcia,1689,Human Trafficking,1,21,137628
Robert Garcia,1690,Smuggling,0,0,0
Sarah Miller,1691,Extortion,0,0,0
William Jones,1692,Insider Trading,8,21,368864
Michael Anderson,1693,Human Trafficking,6,17,102500
Robert Garcia,1694,Embezzlement,9,8,28978
Emily Jones,1695,Money Laundering,5,15,160512
John Davis,1696,Money Laundering,5,22,411335
John Miller,1697,Tax Fraud,4,20,378589
William Davis,1698,Insider Trading,0,0,0
Jane Martinez,1699,Extortion,0,0,0
Jessica Smith,1700,Embezzlement,5,23,106756
David Johnson,1701,Assisted Murder,2,17,167371
Michael Martinez,1702,Grand Theft Auto,0,0,0
Emily Johnson,1703,Human Trafficking,4,18,314635
Ashley Miller,1704,Insider Trading,3,17,47088
William Johnson,1705,Insider Trading,5,2,326626
David Davis,1706,Insider Trading,6,4,86792
David Johnson,1707,Burglary,7,7,451081
Jessica Davis,1708,Burglary,4,25,71208
Emily Anderson,1709,Burglary,7,7,328869
Robert Smith,1710,Drug Trafficking,10,8,458927
Emily Johnson,1711,Smuggling,5,17,495349
Sarah Smith,1712,Tax Fraud,4,16,482803
Michael Brown,1713,Forgery,4,1,473109
Jessica Miller,1714,Tax Fraud,9,9,191347
Michael Anderson,1715,Arson,1,21,452036
William Miller,1716,Assisted Murder,1,10,57894
William Jones,1717,Tax Fraud,10,8,145138
Michael Miller,1718,Drug Trafficking,10,3,241120
Robert Williams,1719,Arson,1,21,177354
Sarah Jones,1720,Arson,10,7,68212
Emily Davis,1721,Burglary,4,12,320660
Robert Johnson,1722,Kidnapping,6,3,488948
Ashley Brown,1723,Domestic Violence,7,8,444626
Emily Miller,1724,Counterfeiting,9,5,272602
Jane Johnson,1725,Extortion,2,24,235147
Sarah Brown,1726,Domestic Violence,4,2,289842
David Jones,1727,Illegal Arms Dealing,8,11,14920
John Smith,1728,Bribery,3,21,243825
Sarah Brown,1729,Cybercrime,8,25,354352
William Davis,1730,Arson,6,8,290049
David Johnson,1731,Vandalism,9,25,403085
Michael Johnson,1732,Kidnapping,7,24,373082
Jessica Garcia,1733,Arson,7,17,28843
Michael Williams,1734,Forgery,8,21,237674
Emily Williams,1735,Vandalism,0,0,0
Emily Smith,1736,Human Trafficking,6,2,182209
Michael Jones,1737,Human Trafficking,2,2,445393
Michael Jones,1738,Extortion,9,1,493690
Robert Williams,1739,Identity Theft,6,24,227689
John Miller,1740,Forgery,9,7,9270
John Martinez,1741,Burglary,4,18,408630
Jessica Miller,1742,Money Laundering,0,0,0
Sarah Brown,1743,Bribery,8,23,450030
Michael Davis,1744,Money Laundering,10,6,71503
Ashley Jones,1745,Illegal Arms Dealing,8,1,110118
Ashley Johnson,1746,Tax Fraud,0,0,0
Robert Martinez,1747,Human Trafficking,2,7,460904
David Williams,1748,Grand Theft Auto,9,11,44605
David Anderson,1749,Grand Theft Auto,4,2,119275
William Miller,1750,Burglary,5,7,104755
Robert Anderson,1751,Domestic Violence,8,7,405768
Jessica Miller,1752,Money Laundering,0,0,0
Sarah Brown,1753,Domestic Violence,10,5,339988
Michael Anderson,1754,Cybercrime,4,13,353644
David Williams,1755,Illegal Arms Dealing,0,0,0
Jane Martinez,1756,Tax Fraud,4,12,375185
Emily Anderson,1757,Illegal Arms Dealing,0,0,0
Emily Williams,1758,Embezzlement,10,18,75693
Ashley Jones,1759,Cybercrime,7,10,52189
Sarah Anderson,1760,Human Trafficking,7,25,349197
William Brown,1761,Burglary,9,15,357351
Ashley Miller,1762,Money Laundering,5,6,17933
Michael Brown,1763,Bribery,2,22,220084
Jane Johnson,1764,Arson,4,19,219916
Jane Smith,1765,Vandalism,8,9,321821
David Martinez,1766,Illegal Arms Dealing,9,8,421342
David Smith,1767,Drug Trafficking,1,13,479235
Jessica Anderson,1768,Grand Theft Auto,9,12,255831
Jessica Jones,1769,Kidnapping,6,25,143090
Jane Johnson,1770,Extortion,6,10,489029
Jane Miller,1771,Tax Fraud,3,10,98192
Robert Anderson,1772,Assisted Murder,0,0,0
William Miller,1773,Assisted Murder,8,18,224727
William Miller,1774,Forgery,4,15,29018
Sarah Martinez,1775,Burglary,10,8,95246
David Jones,1776,Assisted Murder,2,9,97855
Robert Smith,1777,Money Laundering,1,0,186744
Michael Anderson,1778,Domestic Violence,6,15,140492
Michael Garcia,1779,Counterfeiting,8,16,289967
William Jones,1780,Tax Fraud,4,4,251825
Emily Martinez,1781,Cybercrime,4,5,64178
John Jones,1782,Bribery,6,4,404438
Jane Miller,1783,Drug Trafficking,2,18,222954
Sarah Jones,1784,Human Trafficking,9,0,284808
Robert Smith,1785,Grand Theft Auto,2,23,33889
Robert Anderson,1786,Insider Trading,0,0,0
Emily Anderson,1787,Smuggling,0,0,0
Jessica Garcia,1788,Insider Trading,4,8,295271
Robert Williams,1789,Forgery,8,14,299267
Emily Davis,1790,Cybercrime,5,19,233373
Jessica Johnson,1791,Smuggling,5,13,450383
Sarah Johnson,1792,Illegal Arms Dealing,9,11,358659
William Williams,1793,Assisted Murder,5,10,122730
Jane Johnson,1794,Human Trafficking,3,19,290781
Michael Davis,1795,Human Trafficking,9,15,125624
Jane Johnson,1796,Assisted Murder,0,0,0
Michael Jones,1797,Money Laundering,2,14,348124
Robert Smith,1798,Counterfeiting,10,8,91482
Jane Garcia,1799,Embezzlement,9,12,43092
Michael Williams,1800,Cybercrime,8,16,106221
David Brown,1801,Assisted Murder,2,12,426282
William Garcia,1802,Burglary,2,21,319661
Emily Davis,1803,Assisted Murder,8,2,332417
Ashley Miller,1804,Human Trafficking,5,16,62616
Jane Anderson,1805,Counterfeiting,7,11,490287
David Johnson,1806,Embezzlement,7,16,326665
Michael Miller,1807,Assisted Murder,0,0,0
Sarah Martinez,1808,Extortion,3,6,351507
John Jones,1809,Counterfeiting,4,4,488604
Jane Garcia,1810,Embezzlement,9,11,281081
Sarah Williams,1811,Vandalism,6,16,237528
John Williams,1812,Tax Fraud,7,7,265496
Ashley Jones,1813,Arson,9,2,44883
Jessica Johnson,1814,Assisted Murder,7,11,36037
Robert Brown,1815,Embezzlement,8,9,113329
Michael Jones,1816,Tax Fraud,4,19,218069
Emily Johnson,1817,Arson,2,17,193645
John Johnson,1818,Money Laundering,6,12,315459
John Jones,1819,Burglary,2,11,439167
Jessica Brown,1820,Embezzlement,3,17,108276
David Davis,1821,Insider Trading,5,24,237790
John Davis,1822,Bribery,6,19,406385
Jane Garcia,1823,Assisted Murder,1,15,81966
David Brown,1824,Bribery,9,0,270392
Sarah Smith,1825,Vandalism,2,16,205260
Sarah Jones,1826,Embezzlement,5,18,186887
Michael Williams,1827,Assisted Murder,10,3,300851
Ashley Johnson,1828,Smuggling,6,1,85584
William Martinez,1829,Grand Theft Auto,0,0,0
Jessica Williams,1830,Vandalism,2,7,471900
Michael Miller,1831,Burglary,4,3,234860
Sarah Martinez,1832,Domestic Violence,5,18,104254
Ashley Smith,1833,Embezzlement,5,0,310316
William Davis,1834,Forgery,2,1,362907
Sarah Anderson,1835,Identity Theft,8,4,7735
Emily Davis,1836,Vandalism,0,0,0
Sarah Miller,1837,Forgery,7,16,403394
Robert Brown,1838,Kidnapping,8,19,183890
Emily Miller,1839,Cybercrime,6,22,23963
Emily Williams,1840,Domestic Violence,10,20,128732
Ashley Williams,1841,Assisted Murder,4,23,49777
Emily Martinez,1842,Human Trafficking,6,14,3359
Jessica Williams,1843,Embezzlement,6,12,435002
Jessica Johnson,1844,Cybercrime,9,3,380868
Jessica Brown,1845,Drug Trafficking,8,23,191603
Emily Jones,1846,Insider Trading,5,24,413273
Sarah Davis,1847,Forgery,1,17,301722
Jessica Miller,1848,Assisted Murder,1,20,492971
Jane Jones,1849,Money Laundering,0,0,0
Sarah Davis,1850,Extortion,5,2,497807
Ashley Martinez,1851,Embezzlement,8,17,401235
William Martinez,1852,Smuggling,4,12,397401
Jane Williams,1853,Embezzlement,6,4,12709
Ashley Martinez,1854,Illegal Arms Dealing,1,23,338236
Ashley Johnson,1855,Human Trafficking,3,13,119533
Ashley Jones,1856,Burglary,8,0,159329
David Anderson,1857,Embezzlement,8,8,186582
Ashley Johnson,1858,Assisted Murder,0,0,0
Michael Johnson,1859,Drug Trafficking,3,21,96243
Michael Garcia,1860,Bribery,8,23,453085
Jessica Johnson,1861,Forgery,2,5,23624
David Smith,1862,Identity Theft,4,1,77686
Robert Brown,1863,Identity Theft,6,19,496237
Emily Garcia,1864,Forgery,10,18,120166
William Smith,1865,Arson,10,0,412753
David Garcia,1866,Domestic Violence,9,22,197045
Jane Davis,1867,Embezzlement,2,9,398500
Jane Miller,1868,Burglary,5,23,27137
Sarah Garcia,1869,Extortion,5,4,373509
Sarah Smith,1870,Domestic Violence,5,9,125597
John Anderson,1871,Arson,3,21,360382
Jane Garcia,1872,Embezzlement,2,1,169171
Jessica Davis,1873,Assisted Murder,8,3,200509
John Miller,1874,Tax Fraud,7,9,178202
Jane Garcia,1875,Smuggling,0,0,0
Michael Brown,1876,Arson,10,5,405604
John Brown,1877,Arson,7,6,328943
Jane Garcia,1878,Cybercrime,1,17,370751
John Brown,1879,Illegal Arms Dealing,3,18,193884
William Davis,1880,Burglary,2,21,92368
David Anderson,1881,Burglary,4,13,96442
Ashley Williams,1882,Vandalism,6,25,289629
Jessica Anderson,1883,Grand Theft Auto,7,23,419403
David Martinez,1884,Assisted Murder,7,17,332575
David Smith,1885,Arson,0,0,0
Robert Jones,1886,Kidnapping,2,12,123144
Ashley Garcia,1887,Money Laundering,8,5,376315
John Miller,1888,Cybercrime,6,0,446741
William Davis,1889,Counterfeiting,0,0,0
David Miller,1890,Embezzlement,9,0,395560
David Williams,1891,Domestic Violence,3,1,163026
Sarah Jones,1892,Tax Fraud,2,21,281177
Emily Smith,1893,Burglary,10,9,175559
Jessica Williams,1894,Human Trafficking,6,14,153236
Ashley Brown,1895,Illegal Arms Dealing,10,24,29860
Ashley Anderson,1896,Drug Trafficking,3,1,410450
Ashley Williams,1897,Forgery,1,5,304280
Emily Martinez,1898,Vandalism,0,0,0
Michael Johnson,1899,Insider Trading,3,12,7912
Jane Anderson,1900,Identity Theft,2,17,184713
William Williams,1901,Cybercrime,2,11,302416
Emily Johnson,1902,Burglary,2,23,483558
David Davis,1903,Vandalism,2,16,326732
Ashley Brown,1904,Embezzlement,4,8,8867
William Smith,1905,Assisted Murder,9,5,116343
Jessica Smith,1906,Kidnapping,7,19,357745
John Brown,1907,Embezzlement,9,19,73911
Jane Williams,1908,Grand Theft Auto,8,2,437108
Michael Davis,1909,Embezzlement,7,10,107129
Emily Jones,1910,Counterfeiting,6,7,34300
William Davis,1911,Human Trafficking,9,19,163450
David Garcia,1912,Insider Trading,8,6,114125
John Jones,1913,Counterfeiting,5,7,243932
Jessica Garcia,1914,Illegal Arms Dealing,10,4,336973
Michael Brown,1915,Embezzlement,2,8,285899
Emily Williams,1916,Vandalism,1,22,487374
Michael Williams,1917,Smuggling,6,22,432523
Ashley Miller,1918,Domestic Violence,5,15,333522
Jessica Anderson,1919,Drug Trafficking,1,5,303324
Ashley Martinez,1920,Bribery,6,2,82306
Jane Anderson,1921,Burglary,10,12,449075
Ashley Davis,1922,Money Laundering,1,25,103858
Michael Miller,1923,Vandalism,5,18,130675
William Johnson,1924,Grand Theft Auto,1,7,260829
Robert Anderson,1925,Bribery,4,17,128527
Ashley Smith,1926,Tax Fraud,1,24,108390
William Williams,1927,Kidnapping,4,14,441536
John Johnson,1928,Money Laundering,6,6,9026
Emily Brown,1929,Illegal Arms Dealing,8,14,351033
Michael Martinez,1930,Embezzlement,5,12,416818
Michael Anderson,1931,Money Laundering,4,11,135543
Sarah Williams,1932,Illegal Arms Dealing,5,0,272864
Robert Williams,1933,Human Trafficking,8,23,370948
John Miller,1934,Extortion,10,21,286308
John Brown,1935,Assisted Murder,6,8,439161
Ashley Miller,1936,Extortion,3,1,281647
Jessica Brown,1937,Identity Theft,10,21,150567
Jane Garcia,1938,Smuggling,0,0,0
Jane Johnson,1939,Kidnapping,8,13,404406
Jessica Anderson,1940,Drug Trafficking,9,10,30127
Jessica Garcia,1941,Illegal Arms Dealing,10,15,316530
John Brown,1942,Money Laundering,4,1,385053
Jane Jones,1943,Cybercrime,5,24,492470
Sarah Davis,1944,Arson,1,0,332730
Ashley Smith,1945,Cybercrime,3,25,352390
Jane Smith,1946,Identity Theft,9,9,416252
Jessica Garcia,1947,Human Trafficking,9,11,170427
Michael Anderson,1948,Counterfeiting,2,16,254916
Jane Smith,1949,Counterfeiting,6,5,422957
Robert Anderson,1950,Human Trafficking,10,10,195651
Jessica Smith,1951,Assisted Murder,3,21,363074
Ashley Anderson,1952,Illegal Arms Dealing,3,10,146054
Michael Davis,1953,Smuggling,5,24,144625
David Johnson,1954,Domestic Violence,1,22,475913
David Davis,1955,Cybercrime,10,0,216696
Jane Jones,1956,Insider Trading,3,22,351489
Sarah Martinez,1957,Tax Fraud,6,22,42441
John Johnson,1958,Bribery,5,11,167111
Robert Garcia,1959,Tax Fraud,3,1,204389
Jane Williams,1960,Assisted Murder,2,23,422509
William Brown,1961,Grand Theft Auto,1,7,100171
Michael Smith,1962,Forgery,7,11,478928
Sarah Martinez,1963,Domestic Violence,8,7,183226
Ashley Miller,1964,Assisted Murder,10,22,253559
Michael Garcia,1965,Insider Trading,10,15,222595
David Davis,1966,Money Laundering,5,1,465257
David Jones,1967,Vandalism,9,24,189133
Ashley Anderson,1968,Illegal Arms Dealing,5,7,478594
Ashley Miller,1969,Burglary,6,14,337523
Emily Johnson,1970,Counterfeiting,3,9,497970
Jessica Garcia,1971,Insider Trading,3,14,255721
Jessica Smith,1972,Money Laundering,4,2,417176
Emily Williams,1973,Human Trafficking,9,8,52460
Jane Johnson,1974,Assisted Murder,3,1,378886
David Anderson,1975,Extortion,10,21,492475
Robert Anderson,1976,Domestic Violence,2,11,418950
Michael Anderson,1977,Cybercrime,5,3,202661
Jessica Garcia,1978,Drug Trafficking,7,1,2908
William Davis,1979,Forgery,9,21,360814
Sarah Garcia,1980,Vandalism,1,5,41059
Sarah Williams,1981,Tax Fraud,6,3,398714
John Smith,1982,Vandalism,0,0,0
Michael Davis,1983,Insider Trading,4,16,271896
John Garcia,1984,Kidnapping,5,7,154056
William Smith,1985,Counterfeiting,6,4,290730
Ashley Johnson,1986,Drug Trafficking,10,18,37053
Robert Anderson,1987,Vandalism,9,21,236149
Emily Brown,1988,Burglary,7,22,456894
Jane Jones,1989,Forgery,6,1,406415
Jessica Jones,1990,Domestic Violence,8,5,268409
Sarah Davis,1991,Kidnapping,3,25,160430
John Williams,1992,Money Laundering,8,25,473477
Jane Johnson,1993,Extortion,9,25,328955
Robert Garcia,1994,Identity Theft,3,19,208440
Robert Garcia,1995,Kidnapping,6,0,200048
Emily Williams,1996,Money Laundering,3,19,78739
Emily Garcia,1997,Counterfeiting,6,15,356954
Jessica Brown,1998,Human Trafficking,5,20,60430
Sarah Anderson,1999,Assisted Murder,6,14,341478